{"Version":1,"ManifestType":"Publish","Endpoints":[{"Route":"APICL.WebApp.l8dgajbqy1.styles.css","AssetFile":"APICL.WebApp.styles.css","Selectors":[],"ResponseHeaders":[{"Name":"Accept-Ranges","Value":"bytes"},{"Name":"Cache-Control","Value":"max-age=31536000, immutable"},{"Name":"Content-Length","Value":"503"},{"Name":"Content-Type","Value":"text/css"},{"Name":"ETag","Value":"\"BU104cWmF9EsroKjTgBaVYYM8xbpTnRNnUfmqyQjyso=\""},{"Name":"Last-Modified","Value":"Sat, 19 Jul 2025 23:51:37 GMT"}],"EndpointProperties":[{"Name":"fingerprint","Value":"l8dgajbqy1"},{"Name":"integrity","Value":"sha256-BU104cWmF9EsroKjTgBaVYYM8xbpTnRNnUfmqyQjyso="},{"Name":"label","Value":"APICL.WebApp.styles.css"}]},{"Route":"APICL.WebApp.styles.css","AssetFile":"APICL.WebApp.styles.css","Selectors":[],"ResponseHeaders":[{"Name":"Accept-Ranges","Value":"bytes"},{"Name":"Cache-Control","Value":"no-cache"},{"Name":"Content-Length","Value":"503"},{"Name":"Content-Type","Value":"text/css"},{"Name":"ETag","Value":"\"BU104cWmF9EsroKjTgBaVYYM8xbpTnRNnUfmqyQjyso=\""},{"Name":"Last-Modified","Value":"Sat, 19 Jul 2025 23:51:37 GMT"}],"EndpointProperties":[{"Name":"integrity","Value":"sha256-BU104cWmF9EsroKjTgBaVYYM8xbpTnRNnUfmqyQjyso="}]},{"Route":"_content/Radzen.Blazor/Radzen.Blazor.6u5slpynto.js","AssetFile":"_content/Radzen.Blazor/Radzen.Blazor.js","Selectors":[],"ResponseHeaders":[{"Name":"Accept-Ranges","Value":"bytes"},{"Name":"Cache-Control","Value":"max-age=31536000, immutable"},{"Name":"Content-Length","Value":"94018"},{"Name":"Content-Type","Value":"text/javascript"},{"Name":"ETag","Value":"\"jiVNSdSlwgNj/X5JwguTaZqglGwc5DnUtiyLfsNE9OA=\""},{"Name":"Last-Modified","Value":"Thu, 10 Jul 2025 08:40:27 GMT"}],"EndpointProperties":[{"Name":"fingerprint","Value":"6u5slpynto"},{"Name":"integrity","Value":"sha256-jiVNSdSlwgNj/X5JwguTaZqglGwc5DnUtiyLfsNE9OA="},{"Name":"label","Value":"_content/Radzen.Blazor/Radzen.Blazor.js"}]},{"Route":"_content/Radzen.Blazor/Radzen.Blazor.js","AssetFile":"_content/Radzen.Blazor/Radzen.Blazor.js","Selectors":[],"ResponseHeaders":[{"Name":"Accept-Ranges","Value":"bytes"},{"Name":"Cache-Control","Value":"no-cache"},{"Name":"Content-Length","Value":"94018"},{"Name":"Content-Type","Value":"text/javascript"},{"Name":"ETag","Value":"\"jiVNSdSlwgNj/X5JwguTaZqglGwc5DnUtiyLfsNE9OA=\""},{"Name":"Last-Modified","Value":"Thu, 10 Jul 2025 08:40:27 GMT"}],"EndpointProperties":[{"Name":"integrity","Value":"sha256-jiVNSdSlwgNj/X5JwguTaZqglGwc5DnUtiyLfsNE9OA="}]},{"Route":"_content/Radzen.Blazor/Radzen.Blazor.min.dfqcza3wbd.js","AssetFile":"_content/Radzen.Blazor/Radzen.Blazor.min.js","Selectors":[],"ResponseHeaders":[{"Name":"Accept-Ranges","Value":"bytes"},{"Name":"Cache-Control","Value":"max-age=31536000, immutable"},{"Name":"Content-Length","Value":"49262"},{"Name":"Content-Type","Value":"text/javascript"},{"Name":"ETag","Value":"\"yatIo2ozy6Blq1xQG8vv6adktohT/Wzf/FR9Z0FBZ7c=\""},{"Name":"Last-Modified","Value":"Thu, 10 Jul 2025 12:31:20 GMT"}],"EndpointProperties":[{"Name":"fingerprint","Value":"dfqcza3wbd"},{"Name":"integrity","Value":"sha256-yatIo2ozy6Blq1xQG8vv6adktohT/Wzf/FR9Z0FBZ7c="},{"Name":"label","Value":"_content/Radzen.Blazor/Radzen.Blazor.min.js"}]},{"Route":"_content/Radzen.Blazor/Radzen.Blazor.min.js","AssetFile":"_content/Radzen.Blazor/Radzen.Blazor.min.js","Selectors":[],"ResponseHeaders":[{"Name":"Accept-Ranges","Value":"bytes"},{"Name":"Cache-Control","Value":"no-cache"},{"Name":"Content-Length","Value":"49262"},{"Name":"Content-Type","Value":"text/javascript"},{"Name":"ETag","Value":"\"yatIo2ozy6Blq1xQG8vv6adktohT/Wzf/FR9Z0FBZ7c=\""},{"Name":"Last-Modified","Value":"Thu, 10 Jul 2025 12:31:20 GMT"}],"EndpointProperties":[{"Name":"integrity","Value":"sha256-yatIo2ozy6Blq1xQG8vv6adktohT/Wzf/FR9Z0FBZ7c="}]},{"Route":"_content/Radzen.Blazor/css/dark-base.css","AssetFile":"_content/Radzen.Blazor/css/dark-base.css","Selectors":[],"ResponseHeaders":[{"Name":"Accept-Ranges","Value":"bytes"},{"Name":"Cache-Control","Value":"no-cache"},{"Name":"Content-Length","Value":"657589"},{"Name":"Content-Type","Value":"text/css"},{"Name":"ETag","Value":"\"vioHXy5W1V7GsWlxpp5EjANMoU6wvjCT5C6QhoiIFRE=\""},{"Name":"Last-Modified","Value":"Thu, 10 Jul 2025 12:30:57 GMT"}],"EndpointProperties":[{"Name":"integrity","Value":"sha256-vioHXy5W1V7GsWlxpp5EjANMoU6wvjCT5C6QhoiIFRE="}]},{"Route":"_content/Radzen.Blazor/css/dark-base.etaqwnobnk.css","AssetFile":"_content/Radzen.Blazor/css/dark-base.css","Selectors":[],"ResponseHeaders":[{"Name":"Accept-Ranges","Value":"bytes"},{"Name":"Cache-Control","Value":"max-age=31536000, immutable"},{"Name":"Content-Length","Value":"657589"},{"Name":"Content-Type","Value":"text/css"},{"Name":"ETag","Value":"\"vioHXy5W1V7GsWlxpp5EjANMoU6wvjCT5C6QhoiIFRE=\""},{"Name":"Last-Modified","Value":"Thu, 10 Jul 2025 12:30:57 GMT"}],"EndpointProperties":[{"Name":"fingerprint","Value":"etaqwnobnk"},{"Name":"integrity","Value":"sha256-vioHXy5W1V7GsWlxpp5EjANMoU6wvjCT5C6QhoiIFRE="},{"Name":"label","Value":"_content/Radzen.Blazor/css/dark-base.css"}]},{"Route":"_content/Radzen.Blazor/css/dark-wcag.css","AssetFile":"_content/Radzen.Blazor/css/dark-wcag.css","Selectors":[],"ResponseHeaders":[{"Name":"Accept-Ranges","Value":"bytes"},{"Name":"Cache-Control","Value":"no-cache"},{"Name":"Content-Length","Value":"2830"},{"Name":"Content-Type","Value":"text/css"},{"Name":"ETag","Value":"\"oUqzDxYNe80U+p/qGo910JR5uFQIteOxLz1nRjlOAi0=\""},{"Name":"Last-Modified","Value":"Thu, 10 Jul 2025 12:30:57 GMT"}],"EndpointProperties":[{"Name":"integrity","Value":"sha256-oUqzDxYNe80U+p/qGo910JR5uFQIteOxLz1nRjlOAi0="}]},{"Route":"_content/Radzen.Blazor/css/dark-wcag.hcyfjztfqi.css","AssetFile":"_content/Radzen.Blazor/css/dark-wcag.css","Selectors":[],"ResponseHeaders":[{"Name":"Accept-Ranges","Value":"bytes"},{"Name":"Cache-Control","Value":"max-age=31536000, immutable"},{"Name":"Content-Length","Value":"2830"},{"Name":"Content-Type","Value":"text/css"},{"Name":"ETag","Value":"\"oUqzDxYNe80U+p/qGo910JR5uFQIteOxLz1nRjlOAi0=\""},{"Name":"Last-Modified","Value":"Thu, 10 Jul 2025 12:30:57 GMT"}],"EndpointProperties":[{"Name":"fingerprint","Value":"hcyfjztfqi"},{"Name":"integrity","Value":"sha256-oUqzDxYNe80U+p/qGo910JR5uFQIteOxLz1nRjlOAi0="},{"Name":"label","Value":"_content/Radzen.Blazor/css/dark-wcag.css"}]},{"Route":"_content/Radzen.Blazor/css/dark.css","AssetFile":"_content/Radzen.Blazor/css/dark.css","Selectors":[],"ResponseHeaders":[{"Name":"Accept-Ranges","Value":"bytes"},{"Name":"Cache-Control","Value":"no-cache"},{"Name":"Content-Length","Value":"660423"},{"Name":"Content-Type","Value":"text/css"},{"Name":"ETag","Value":"\"OzryqgrBmCLXZeMdorJ2mKtCFPWnoi7NAeelJOBkopU=\""},{"Name":"Last-Modified","Value":"Thu, 10 Jul 2025 12:30:58 GMT"}],"EndpointProperties":[{"Name":"integrity","Value":"sha256-OzryqgrBmCLXZeMdorJ2mKtCFPWnoi7NAeelJOBkopU="}]},{"Route":"_content/Radzen.Blazor/css/dark.h9vi39fjj4.css","AssetFile":"_content/Radzen.Blazor/css/dark.css","Selectors":[],"ResponseHeaders":[{"Name":"Accept-Ranges","Value":"bytes"},{"Name":"Cache-Control","Value":"max-age=31536000, immutable"},{"Name":"Content-Length","Value":"660423"},{"Name":"Content-Type","Value":"text/css"},{"Name":"ETag","Value":"\"OzryqgrBmCLXZeMdorJ2mKtCFPWnoi7NAeelJOBkopU=\""},{"Name":"Last-Modified","Value":"Thu, 10 Jul 2025 12:30:58 GMT"}],"EndpointProperties":[{"Name":"fingerprint","Value":"h9vi39fjj4"},{"Name":"integrity","Value":"sha256-OzryqgrBmCLXZeMdorJ2mKtCFPWnoi7NAeelJOBkopU="},{"Name":"label","Value":"_content/Radzen.Blazor/css/dark.css"}]},{"Route":"_content/Radzen.Blazor/css/default-base.56lj045coo.css","AssetFile":"_content/Radzen.Blazor/css/default-base.css","Selectors":[],"ResponseHeaders":[{"Name":"Accept-Ranges","Value":"bytes"},{"Name":"Cache-Control","Value":"max-age=31536000, immutable"},{"Name":"Content-Length","Value":"657266"},{"Name":"Content-Type","Value":"text/css"},{"Name":"ETag","Value":"\"Ey4ZdNzgxXumHPyyz6jjW6zI1S5Ae/yMXoTw8IPfdMg=\""},{"Name":"Last-Modified","Value":"Thu, 10 Jul 2025 12:30:59 GMT"}],"EndpointProperties":[{"Name":"fingerprint","Value":"56lj045coo"},{"Name":"integrity","Value":"sha256-Ey4ZdNzgxXumHPyyz6jjW6zI1S5Ae/yMXoTw8IPfdMg="},{"Name":"label","Value":"_content/Radzen.Blazor/css/default-base.css"}]},{"Route":"_content/Radzen.Blazor/css/default-base.css","AssetFile":"_content/Radzen.Blazor/css/default-base.css","Selectors":[],"ResponseHeaders":[{"Name":"Accept-Ranges","Value":"bytes"},{"Name":"Cache-Control","Value":"no-cache"},{"Name":"Content-Length","Value":"657266"},{"Name":"Content-Type","Value":"text/css"},{"Name":"ETag","Value":"\"Ey4ZdNzgxXumHPyyz6jjW6zI1S5Ae/yMXoTw8IPfdMg=\""},{"Name":"Last-Modified","Value":"Thu, 10 Jul 2025 12:30:59 GMT"}],"EndpointProperties":[{"Name":"integrity","Value":"sha256-Ey4ZdNzgxXumHPyyz6jjW6zI1S5Ae/yMXoTw8IPfdMg="}]},{"Route":"_content/Radzen.Blazor/css/default-wcag.796b73bq82.css","AssetFile":"_content/Radzen.Blazor/css/default-wcag.css","Selectors":[],"ResponseHeaders":[{"Name":"Accept-Ranges","Value":"bytes"},{"Name":"Cache-Control","Value":"max-age=31536000, immutable"},{"Name":"Content-Length","Value":"2589"},{"Name":"Content-Type","Value":"text/css"},{"Name":"ETag","Value":"\"lYiMLG73UrqjeD3Xr0zwkygnPDSAQXeAo1554Yjqjkc=\""},{"Name":"Last-Modified","Value":"Thu, 10 Jul 2025 12:30:59 GMT"}],"EndpointProperties":[{"Name":"fingerprint","Value":"796b73bq82"},{"Name":"integrity","Value":"sha256-lYiMLG73UrqjeD3Xr0zwkygnPDSAQXeAo1554Yjqjkc="},{"Name":"label","Value":"_content/Radzen.Blazor/css/default-wcag.css"}]},{"Route":"_content/Radzen.Blazor/css/default-wcag.css","AssetFile":"_content/Radzen.Blazor/css/default-wcag.css","Selectors":[],"ResponseHeaders":[{"Name":"Accept-Ranges","Value":"bytes"},{"Name":"Cache-Control","Value":"no-cache"},{"Name":"Content-Length","Value":"2589"},{"Name":"Content-Type","Value":"text/css"},{"Name":"ETag","Value":"\"lYiMLG73UrqjeD3Xr0zwkygnPDSAQXeAo1554Yjqjkc=\""},{"Name":"Last-Modified","Value":"Thu, 10 Jul 2025 12:30:59 GMT"}],"EndpointProperties":[{"Name":"integrity","Value":"sha256-lYiMLG73UrqjeD3Xr0zwkygnPDSAQXeAo1554Yjqjkc="}]},{"Route":"_content/Radzen.Blazor/css/default.bpkmn2f1b4.css","AssetFile":"_content/Radzen.Blazor/css/default.css","Selectors":[],"ResponseHeaders":[{"Name":"Accept-Ranges","Value":"bytes"},{"Name":"Cache-Control","Value":"max-age=31536000, immutable"},{"Name":"Content-Length","Value":"660107"},{"Name":"Content-Type","Value":"text/css"},{"Name":"ETag","Value":"\"sf6h/7PKGZuF3KiwozC0n73/d6+hfOlzglPB+Bha6cM=\""},{"Name":"Last-Modified","Value":"Thu, 10 Jul 2025 12:31:01 GMT"}],"EndpointProperties":[{"Name":"fingerprint","Value":"bpkmn2f1b4"},{"Name":"integrity","Value":"sha256-sf6h/7PKGZuF3KiwozC0n73/d6+hfOlzglPB+Bha6cM="},{"Name":"label","Value":"_content/Radzen.Blazor/css/default.css"}]},{"Route":"_content/Radzen.Blazor/css/default.css","AssetFile":"_content/Radzen.Blazor/css/default.css","Selectors":[],"ResponseHeaders":[{"Name":"Accept-Ranges","Value":"bytes"},{"Name":"Cache-Control","Value":"no-cache"},{"Name":"Content-Length","Value":"660107"},{"Name":"Content-Type","Value":"text/css"},{"Name":"ETag","Value":"\"sf6h/7PKGZuF3KiwozC0n73/d6+hfOlzglPB+Bha6cM=\""},{"Name":"Last-Modified","Value":"Thu, 10 Jul 2025 12:31:01 GMT"}],"EndpointProperties":[{"Name":"integrity","Value":"sha256-sf6h/7PKGZuF3KiwozC0n73/d6+hfOlzglPB+Bha6cM="}]},{"Route":"_content/Radzen.Blazor/css/humanistic-base.css","AssetFile":"_content/Radzen.Blazor/css/humanistic-base.css","Selectors":[],"ResponseHeaders":[{"Name":"Accept-Ranges","Value":"bytes"},{"Name":"Cache-Control","Value":"no-cache"},{"Name":"Content-Length","Value":"657207"},{"Name":"Content-Type","Value":"text/css"},{"Name":"ETag","Value":"\"U+P/96/oeAyr9FYH6r/1APAYzndW0R3WUDtNLkQZLe4=\""},{"Name":"Last-Modified","Value":"Thu, 10 Jul 2025 12:31:03 GMT"}],"EndpointProperties":[{"Name":"integrity","Value":"sha256-U+P/96/oeAyr9FYH6r/1APAYzndW0R3WUDtNLkQZLe4="}]},{"Route":"_content/Radzen.Blazor/css/humanistic-base.leq0781g8b.css","AssetFile":"_content/Radzen.Blazor/css/humanistic-base.css","Selectors":[],"ResponseHeaders":[{"Name":"Accept-Ranges","Value":"bytes"},{"Name":"Cache-Control","Value":"max-age=31536000, immutable"},{"Name":"Content-Length","Value":"657207"},{"Name":"Content-Type","Value":"text/css"},{"Name":"ETag","Value":"\"U+P/96/oeAyr9FYH6r/1APAYzndW0R3WUDtNLkQZLe4=\""},{"Name":"Last-Modified","Value":"Thu, 10 Jul 2025 12:31:03 GMT"}],"EndpointProperties":[{"Name":"fingerprint","Value":"leq0781g8b"},{"Name":"integrity","Value":"sha256-U+P/96/oeAyr9FYH6r/1APAYzndW0R3WUDtNLkQZLe4="},{"Name":"label","Value":"_content/Radzen.Blazor/css/humanistic-base.css"}]},{"Route":"_content/Radzen.Blazor/css/humanistic-dark-base.css","AssetFile":"_content/Radzen.Blazor/css/humanistic-dark-base.css","Selectors":[],"ResponseHeaders":[{"Name":"Accept-Ranges","Value":"bytes"},{"Name":"Cache-Control","Value":"no-cache"},{"Name":"Content-Length","Value":"657529"},{"Name":"Content-Type","Value":"text/css"},{"Name":"ETag","Value":"\"4aiWnQ2ZUz++crl2BKckZ7gbJcqZcPpshYXSd6kXhws=\""},{"Name":"Last-Modified","Value":"Thu, 10 Jul 2025 12:31:05 GMT"}],"EndpointProperties":[{"Name":"integrity","Value":"sha256-4aiWnQ2ZUz++crl2BKckZ7gbJcqZcPpshYXSd6kXhws="}]},{"Route":"_content/Radzen.Blazor/css/humanistic-dark-base.nuhrgx517n.css","AssetFile":"_content/Radzen.Blazor/css/humanistic-dark-base.css","Selectors":[],"ResponseHeaders":[{"Name":"Accept-Ranges","Value":"bytes"},{"Name":"Cache-Control","Value":"max-age=31536000, immutable"},{"Name":"Content-Length","Value":"657529"},{"Name":"Content-Type","Value":"text/css"},{"Name":"ETag","Value":"\"4aiWnQ2ZUz++crl2BKckZ7gbJcqZcPpshYXSd6kXhws=\""},{"Name":"Last-Modified","Value":"Thu, 10 Jul 2025 12:31:05 GMT"}],"EndpointProperties":[{"Name":"fingerprint","Value":"nuhrgx517n"},{"Name":"integrity","Value":"sha256-4aiWnQ2ZUz++crl2BKckZ7gbJcqZcPpshYXSd6kXhws="},{"Name":"label","Value":"_content/Radzen.Blazor/css/humanistic-dark-base.css"}]},{"Route":"_content/Radzen.Blazor/css/humanistic-dark-wcag.css","AssetFile":"_content/Radzen.Blazor/css/humanistic-dark-wcag.css","Selectors":[],"ResponseHeaders":[{"Name":"Accept-Ranges","Value":"bytes"},{"Name":"Cache-Control","Value":"no-cache"},{"Name":"Content-Length","Value":"2840"},{"Name":"Content-Type","Value":"text/css"},{"Name":"ETag","Value":"\"+PA/TMpN+uUgTwqwLmA/nfoyXy9AzOtxFRb9Ejy0j6k=\""},{"Name":"Last-Modified","Value":"Thu, 10 Jul 2025 12:31:05 GMT"}],"EndpointProperties":[{"Name":"integrity","Value":"sha256-+PA/TMpN+uUgTwqwLmA/nfoyXy9AzOtxFRb9Ejy0j6k="}]},{"Route":"_content/Radzen.Blazor/css/humanistic-dark-wcag.ga4l0q48yz.css","AssetFile":"_content/Radzen.Blazor/css/humanistic-dark-wcag.css","Selectors":[],"ResponseHeaders":[{"Name":"Accept-Ranges","Value":"bytes"},{"Name":"Cache-Control","Value":"max-age=31536000, immutable"},{"Name":"Content-Length","Value":"2840"},{"Name":"Content-Type","Value":"text/css"},{"Name":"ETag","Value":"\"+PA/TMpN+uUgTwqwLmA/nfoyXy9AzOtxFRb9Ejy0j6k=\""},{"Name":"Last-Modified","Value":"Thu, 10 Jul 2025 12:31:05 GMT"}],"EndpointProperties":[{"Name":"fingerprint","Value":"ga4l0q48yz"},{"Name":"integrity","Value":"sha256-+PA/TMpN+uUgTwqwLmA/nfoyXy9AzOtxFRb9Ejy0j6k="},{"Name":"label","Value":"_content/Radzen.Blazor/css/humanistic-dark-wcag.css"}]},{"Route":"_content/Radzen.Blazor/css/humanistic-dark.css","AssetFile":"_content/Radzen.Blazor/css/humanistic-dark.css","Selectors":[],"ResponseHeaders":[{"Name":"Accept-Ranges","Value":"bytes"},{"Name":"Cache-Control","Value":"no-cache"},{"Name":"Content-Length","Value":"660370"},{"Name":"Content-Type","Value":"text/css"},{"Name":"ETag","Value":"\"bmPCi2udY3Yc0S9Z5qITmVKioW7GLNdNuybhwClmdOw=\""},{"Name":"Last-Modified","Value":"Thu, 10 Jul 2025 12:31:06 GMT"}],"EndpointProperties":[{"Name":"integrity","Value":"sha256-bmPCi2udY3Yc0S9Z5qITmVKioW7GLNdNuybhwClmdOw="}]},{"Route":"_content/Radzen.Blazor/css/humanistic-dark.mum3h3rit6.css","AssetFile":"_content/Radzen.Blazor/css/humanistic-dark.css","Selectors":[],"ResponseHeaders":[{"Name":"Accept-Ranges","Value":"bytes"},{"Name":"Cache-Control","Value":"max-age=31536000, immutable"},{"Name":"Content-Length","Value":"660370"},{"Name":"Content-Type","Value":"text/css"},{"Name":"ETag","Value":"\"bmPCi2udY3Yc0S9Z5qITmVKioW7GLNdNuybhwClmdOw=\""},{"Name":"Last-Modified","Value":"Thu, 10 Jul 2025 12:31:06 GMT"}],"EndpointProperties":[{"Name":"fingerprint","Value":"mum3h3rit6"},{"Name":"integrity","Value":"sha256-bmPCi2udY3Yc0S9Z5qITmVKioW7GLNdNuybhwClmdOw="},{"Name":"label","Value":"_content/Radzen.Blazor/css/humanistic-dark.css"}]},{"Route":"_content/Radzen.Blazor/css/humanistic-wcag.css","AssetFile":"_content/Radzen.Blazor/css/humanistic-wcag.css","Selectors":[],"ResponseHeaders":[{"Name":"Accept-Ranges","Value":"bytes"},{"Name":"Cache-Control","Value":"no-cache"},{"Name":"Content-Length","Value":"2591"},{"Name":"Content-Type","Value":"text/css"},{"Name":"ETag","Value":"\"J8kJYxpBFMrMjHMBSdDlq1lYqyntxOrDZ8AW5FrxH8U=\""},{"Name":"Last-Modified","Value":"Thu, 10 Jul 2025 12:31:06 GMT"}],"EndpointProperties":[{"Name":"integrity","Value":"sha256-J8kJYxpBFMrMjHMBSdDlq1lYqyntxOrDZ8AW5FrxH8U="}]},{"Route":"_content/Radzen.Blazor/css/humanistic-wcag.x6merli1rk.css","AssetFile":"_content/Radzen.Blazor/css/humanistic-wcag.css","Selectors":[],"ResponseHeaders":[{"Name":"Accept-Ranges","Value":"bytes"},{"Name":"Cache-Control","Value":"max-age=31536000, immutable"},{"Name":"Content-Length","Value":"2591"},{"Name":"Content-Type","Value":"text/css"},{"Name":"ETag","Value":"\"J8kJYxpBFMrMjHMBSdDlq1lYqyntxOrDZ8AW5FrxH8U=\""},{"Name":"Last-Modified","Value":"Thu, 10 Jul 2025 12:31:06 GMT"}],"EndpointProperties":[{"Name":"fingerprint","Value":"x6merli1rk"},{"Name":"integrity","Value":"sha256-J8kJYxpBFMrMjHMBSdDlq1lYqyntxOrDZ8AW5FrxH8U="},{"Name":"label","Value":"_content/Radzen.Blazor/css/humanistic-wcag.css"}]},{"Route":"_content/Radzen.Blazor/css/humanistic.1ud7ahbd1g.css","AssetFile":"_content/Radzen.Blazor/css/humanistic.css","Selectors":[],"ResponseHeaders":[{"Name":"Accept-Ranges","Value":"bytes"},{"Name":"Cache-Control","Value":"max-age=31536000, immutable"},{"Name":"Content-Length","Value":"660048"},{"Name":"Content-Type","Value":"text/css"},{"Name":"ETag","Value":"\"yV8qU9HynxxYKO57IHiPukwU5ZhyqjQhXECX/i+yvzM=\""},{"Name":"Last-Modified","Value":"Thu, 10 Jul 2025 12:31:06 GMT"}],"EndpointProperties":[{"Name":"fingerprint","Value":"1ud7ahbd1g"},{"Name":"integrity","Value":"sha256-yV8qU9HynxxYKO57IHiPukwU5ZhyqjQhXECX/i+yvzM="},{"Name":"label","Value":"_content/Radzen.Blazor/css/humanistic.css"}]},{"Route":"_content/Radzen.Blazor/css/humanistic.css","AssetFile":"_content/Radzen.Blazor/css/humanistic.css","Selectors":[],"ResponseHeaders":[{"Name":"Accept-Ranges","Value":"bytes"},{"Name":"Cache-Control","Value":"no-cache"},{"Name":"Content-Length","Value":"660048"},{"Name":"Content-Type","Value":"text/css"},{"Name":"ETag","Value":"\"yV8qU9HynxxYKO57IHiPukwU5ZhyqjQhXECX/i+yvzM=\""},{"Name":"Last-Modified","Value":"Thu, 10 Jul 2025 12:31:06 GMT"}],"EndpointProperties":[{"Name":"integrity","Value":"sha256-yV8qU9HynxxYKO57IHiPukwU5ZhyqjQhXECX/i+yvzM="}]},{"Route":"_content/Radzen.Blazor/css/material-base.css","AssetFile":"_content/Radzen.Blazor/css/material-base.css","Selectors":[],"ResponseHeaders":[{"Name":"Accept-Ranges","Value":"bytes"},{"Name":"Cache-Control","Value":"no-cache"},{"Name":"Content-Length","Value":"667109"},{"Name":"Content-Type","Value":"text/css"},{"Name":"ETag","Value":"\"EmB2FqmOEqvH4ZnO2uWxV2ywxgWlU5TA28P+u7eDjyg=\""},{"Name":"Last-Modified","Value":"Thu, 10 Jul 2025 12:31:07 GMT"}],"EndpointProperties":[{"Name":"integrity","Value":"sha256-EmB2FqmOEqvH4ZnO2uWxV2ywxgWlU5TA28P+u7eDjyg="}]},{"Route":"_content/Radzen.Blazor/css/material-base.qplk58rccm.css","AssetFile":"_content/Radzen.Blazor/css/material-base.css","Selectors":[],"ResponseHeaders":[{"Name":"Accept-Ranges","Value":"bytes"},{"Name":"Cache-Control","Value":"max-age=31536000, immutable"},{"Name":"Content-Length","Value":"667109"},{"Name":"Content-Type","Value":"text/css"},{"Name":"ETag","Value":"\"EmB2FqmOEqvH4ZnO2uWxV2ywxgWlU5TA28P+u7eDjyg=\""},{"Name":"Last-Modified","Value":"Thu, 10 Jul 2025 12:31:07 GMT"}],"EndpointProperties":[{"Name":"fingerprint","Value":"qplk58rccm"},{"Name":"integrity","Value":"sha256-EmB2FqmOEqvH4ZnO2uWxV2ywxgWlU5TA28P+u7eDjyg="},{"Name":"label","Value":"_content/Radzen.Blazor/css/material-base.css"}]},{"Route":"_content/Radzen.Blazor/css/material-dark-base.css","AssetFile":"_content/Radzen.Blazor/css/material-dark-base.css","Selectors":[],"ResponseHeaders":[{"Name":"Accept-Ranges","Value":"bytes"},{"Name":"Cache-Control","Value":"no-cache"},{"Name":"Content-Length","Value":"666725"},{"Name":"Content-Type","Value":"text/css"},{"Name":"ETag","Value":"\"xtC0fozyBMwpMqIr8frBj3cqKxurU6+0js9KT8FUYWM=\""},{"Name":"Last-Modified","Value":"Thu, 10 Jul 2025 12:31:08 GMT"}],"EndpointProperties":[{"Name":"integrity","Value":"sha256-xtC0fozyBMwpMqIr8frBj3cqKxurU6+0js9KT8FUYWM="}]},{"Route":"_content/Radzen.Blazor/css/material-dark-base.qvlwmx61iw.css","AssetFile":"_content/Radzen.Blazor/css/material-dark-base.css","Selectors":[],"ResponseHeaders":[{"Name":"Accept-Ranges","Value":"bytes"},{"Name":"Cache-Control","Value":"max-age=31536000, immutable"},{"Name":"Content-Length","Value":"666725"},{"Name":"Content-Type","Value":"text/css"},{"Name":"ETag","Value":"\"xtC0fozyBMwpMqIr8frBj3cqKxurU6+0js9KT8FUYWM=\""},{"Name":"Last-Modified","Value":"Thu, 10 Jul 2025 12:31:08 GMT"}],"EndpointProperties":[{"Name":"fingerprint","Value":"qvlwmx61iw"},{"Name":"integrity","Value":"sha256-xtC0fozyBMwpMqIr8frBj3cqKxurU6+0js9KT8FUYWM="},{"Name":"label","Value":"_content/Radzen.Blazor/css/material-dark-base.css"}]},{"Route":"_content/Radzen.Blazor/css/material-dark-wcag.22pb44itlf.css","AssetFile":"_content/Radzen.Blazor/css/material-dark-wcag.css","Selectors":[],"ResponseHeaders":[{"Name":"Accept-Ranges","Value":"bytes"},{"Name":"Cache-Control","Value":"max-age=31536000, immutable"},{"Name":"Content-Length","Value":"2598"},{"Name":"Content-Type","Value":"text/css"},{"Name":"ETag","Value":"\"mscmBJFsTrAe0H/SoknylPnukiQX2yfQ/zSnbR4B75k=\""},{"Name":"Last-Modified","Value":"Thu, 10 Jul 2025 12:31:08 GMT"}],"EndpointProperties":[{"Name":"fingerprint","Value":"22pb44itlf"},{"Name":"integrity","Value":"sha256-mscmBJFsTrAe0H/SoknylPnukiQX2yfQ/zSnbR4B75k="},{"Name":"label","Value":"_content/Radzen.Blazor/css/material-dark-wcag.css"}]},{"Route":"_content/Radzen.Blazor/css/material-dark-wcag.css","AssetFile":"_content/Radzen.Blazor/css/material-dark-wcag.css","Selectors":[],"ResponseHeaders":[{"Name":"Accept-Ranges","Value":"bytes"},{"Name":"Cache-Control","Value":"no-cache"},{"Name":"Content-Length","Value":"2598"},{"Name":"Content-Type","Value":"text/css"},{"Name":"ETag","Value":"\"mscmBJFsTrAe0H/SoknylPnukiQX2yfQ/zSnbR4B75k=\""},{"Name":"Last-Modified","Value":"Thu, 10 Jul 2025 12:31:08 GMT"}],"EndpointProperties":[{"Name":"integrity","Value":"sha256-mscmBJFsTrAe0H/SoknylPnukiQX2yfQ/zSnbR4B75k="}]},{"Route":"_content/Radzen.Blazor/css/material-dark.css","AssetFile":"_content/Radzen.Blazor/css/material-dark.css","Selectors":[],"ResponseHeaders":[{"Name":"Accept-Ranges","Value":"bytes"},{"Name":"Cache-Control","Value":"no-cache"},{"Name":"Content-Length","Value":"669566"},{"Name":"Content-Type","Value":"text/css"},{"Name":"ETag","Value":"\"lfvoIpxCrVpwJk0X4TH6FV2MW5tbnUH436i9C9sfzEI=\""},{"Name":"Last-Modified","Value":"Thu, 10 Jul 2025 12:31:09 GMT"}],"EndpointProperties":[{"Name":"integrity","Value":"sha256-lfvoIpxCrVpwJk0X4TH6FV2MW5tbnUH436i9C9sfzEI="}]},{"Route":"_content/Radzen.Blazor/css/material-dark.ls9c33jx3r.css","AssetFile":"_content/Radzen.Blazor/css/material-dark.css","Selectors":[],"ResponseHeaders":[{"Name":"Accept-Ranges","Value":"bytes"},{"Name":"Cache-Control","Value":"max-age=31536000, immutable"},{"Name":"Content-Length","Value":"669566"},{"Name":"Content-Type","Value":"text/css"},{"Name":"ETag","Value":"\"lfvoIpxCrVpwJk0X4TH6FV2MW5tbnUH436i9C9sfzEI=\""},{"Name":"Last-Modified","Value":"Thu, 10 Jul 2025 12:31:09 GMT"}],"EndpointProperties":[{"Name":"fingerprint","Value":"ls9c33jx3r"},{"Name":"integrity","Value":"sha256-lfvoIpxCrVpwJk0X4TH6FV2MW5tbnUH436i9C9sfzEI="},{"Name":"label","Value":"_content/Radzen.Blazor/css/material-dark.css"}]},{"Route":"_content/Radzen.Blazor/css/material-wcag.css","AssetFile":"_content/Radzen.Blazor/css/material-wcag.css","Selectors":[],"ResponseHeaders":[{"Name":"Accept-Ranges","Value":"bytes"},{"Name":"Cache-Control","Value":"no-cache"},{"Name":"Content-Length","Value":"2590"},{"Name":"Content-Type","Value":"text/css"},{"Name":"ETag","Value":"\"y6x9nQqkv3mW+Dvmm6Pvh+h0ixHfY0RLzrX6ZlktoG4=\""},{"Name":"Last-Modified","Value":"Thu, 10 Jul 2025 12:31:09 GMT"}],"EndpointProperties":[{"Name":"integrity","Value":"sha256-y6x9nQqkv3mW+Dvmm6Pvh+h0ixHfY0RLzrX6ZlktoG4="}]},{"Route":"_content/Radzen.Blazor/css/material-wcag.pblx1qaqft.css","AssetFile":"_content/Radzen.Blazor/css/material-wcag.css","Selectors":[],"ResponseHeaders":[{"Name":"Accept-Ranges","Value":"bytes"},{"Name":"Cache-Control","Value":"max-age=31536000, immutable"},{"Name":"Content-Length","Value":"2590"},{"Name":"Content-Type","Value":"text/css"},{"Name":"ETag","Value":"\"y6x9nQqkv3mW+Dvmm6Pvh+h0ixHfY0RLzrX6ZlktoG4=\""},{"Name":"Last-Modified","Value":"Thu, 10 Jul 2025 12:31:09 GMT"}],"EndpointProperties":[{"Name":"fingerprint","Value":"pblx1qaqft"},{"Name":"integrity","Value":"sha256-y6x9nQqkv3mW+Dvmm6Pvh+h0ixHfY0RLzrX6ZlktoG4="},{"Name":"label","Value":"_content/Radzen.Blazor/css/material-wcag.css"}]},{"Route":"_content/Radzen.Blazor/css/material.4ew01skrpy.css","AssetFile":"_content/Radzen.Blazor/css/material.css","Selectors":[],"ResponseHeaders":[{"Name":"Accept-Ranges","Value":"bytes"},{"Name":"Cache-Control","Value":"max-age=31536000, immutable"},{"Name":"Content-Length","Value":"669950"},{"Name":"Content-Type","Value":"text/css"},{"Name":"ETag","Value":"\"BMvcGATV5HusruJSLx5N5CsoW3hfXAkOazuaDVng/p8=\""},{"Name":"Last-Modified","Value":"Thu, 10 Jul 2025 12:31:09 GMT"}],"EndpointProperties":[{"Name":"fingerprint","Value":"4ew01skrpy"},{"Name":"integrity","Value":"sha256-BMvcGATV5HusruJSLx5N5CsoW3hfXAkOazuaDVng/p8="},{"Name":"label","Value":"_content/Radzen.Blazor/css/material.css"}]},{"Route":"_content/Radzen.Blazor/css/material.css","AssetFile":"_content/Radzen.Blazor/css/material.css","Selectors":[],"ResponseHeaders":[{"Name":"Accept-Ranges","Value":"bytes"},{"Name":"Cache-Control","Value":"no-cache"},{"Name":"Content-Length","Value":"669950"},{"Name":"Content-Type","Value":"text/css"},{"Name":"ETag","Value":"\"BMvcGATV5HusruJSLx5N5CsoW3hfXAkOazuaDVng/p8=\""},{"Name":"Last-Modified","Value":"Thu, 10 Jul 2025 12:31:09 GMT"}],"EndpointProperties":[{"Name":"integrity","Value":"sha256-BMvcGATV5HusruJSLx5N5CsoW3hfXAkOazuaDVng/p8="}]},{"Route":"_content/Radzen.Blazor/css/math.css","AssetFile":"_content/Radzen.Blazor/css/math.css","Selectors":[],"ResponseHeaders":[{"Name":"Accept-Ranges","Value":"bytes"},{"Name":"Cache-Control","Value":"no-cache"},{"Name":"Content-Length","Value":"1238"},{"Name":"Content-Type","Value":"text/css"},{"Name":"ETag","Value":"\"fzXK/2BQ8C/lABKJC6dsV+cXmFHprEg2ICoPIqt6r2E=\""},{"Name":"Last-Modified","Value":"Thu, 10 Jul 2025 09:54:32 GMT"}],"EndpointProperties":[{"Name":"integrity","Value":"sha256-fzXK/2BQ8C/lABKJC6dsV+cXmFHprEg2ICoPIqt6r2E="}]},{"Route":"_content/Radzen.Blazor/css/math.dlszvg16vp.css","AssetFile":"_content/Radzen.Blazor/css/math.css","Selectors":[],"ResponseHeaders":[{"Name":"Accept-Ranges","Value":"bytes"},{"Name":"Cache-Control","Value":"max-age=31536000, immutable"},{"Name":"Content-Length","Value":"1238"},{"Name":"Content-Type","Value":"text/css"},{"Name":"ETag","Value":"\"fzXK/2BQ8C/lABKJC6dsV+cXmFHprEg2ICoPIqt6r2E=\""},{"Name":"Last-Modified","Value":"Thu, 10 Jul 2025 09:54:32 GMT"}],"EndpointProperties":[{"Name":"fingerprint","Value":"dlszvg16vp"},{"Name":"integrity","Value":"sha256-fzXK/2BQ8C/lABKJC6dsV+cXmFHprEg2ICoPIqt6r2E="},{"Name":"label","Value":"_content/Radzen.Blazor/css/math.css"}]},{"Route":"_content/Radzen.Blazor/css/software-base.7i6xbjp9a4.css","AssetFile":"_content/Radzen.Blazor/css/software-base.css","Selectors":[],"ResponseHeaders":[{"Name":"Accept-Ranges","Value":"bytes"},{"Name":"Cache-Control","Value":"max-age=31536000, immutable"},{"Name":"Content-Length","Value":"657261"},{"Name":"Content-Type","Value":"text/css"},{"Name":"ETag","Value":"\"0XlxpaPpNLLR5zgdb9NpAF2kU+gHdwLJKNiryHVKuFs=\""},{"Name":"Last-Modified","Value":"Thu, 10 Jul 2025 12:31:10 GMT"}],"EndpointProperties":[{"Name":"fingerprint","Value":"7i6xbjp9a4"},{"Name":"integrity","Value":"sha256-0XlxpaPpNLLR5zgdb9NpAF2kU+gHdwLJKNiryHVKuFs="},{"Name":"label","Value":"_content/Radzen.Blazor/css/software-base.css"}]},{"Route":"_content/Radzen.Blazor/css/software-base.css","AssetFile":"_content/Radzen.Blazor/css/software-base.css","Selectors":[],"ResponseHeaders":[{"Name":"Accept-Ranges","Value":"bytes"},{"Name":"Cache-Control","Value":"no-cache"},{"Name":"Content-Length","Value":"657261"},{"Name":"Content-Type","Value":"text/css"},{"Name":"ETag","Value":"\"0XlxpaPpNLLR5zgdb9NpAF2kU+gHdwLJKNiryHVKuFs=\""},{"Name":"Last-Modified","Value":"Thu, 10 Jul 2025 12:31:10 GMT"}],"EndpointProperties":[{"Name":"integrity","Value":"sha256-0XlxpaPpNLLR5zgdb9NpAF2kU+gHdwLJKNiryHVKuFs="}]},{"Route":"_content/Radzen.Blazor/css/software-dark-base.0peeccsljc.css","AssetFile":"_content/Radzen.Blazor/css/software-dark-base.css","Selectors":[],"ResponseHeaders":[{"Name":"Accept-Ranges","Value":"bytes"},{"Name":"Cache-Control","Value":"max-age=31536000, immutable"},{"Name":"Content-Length","Value":"657582"},{"Name":"Content-Type","Value":"text/css"},{"Name":"ETag","Value":"\"HILeP2gHYKKY2hgZn3ofT3dPyJo+jOiVnr2B9QJNtGE=\""},{"Name":"Last-Modified","Value":"Thu, 10 Jul 2025 12:31:11 GMT"}],"EndpointProperties":[{"Name":"fingerprint","Value":"0peeccsljc"},{"Name":"integrity","Value":"sha256-HILeP2gHYKKY2hgZn3ofT3dPyJo+jOiVnr2B9QJNtGE="},{"Name":"label","Value":"_content/Radzen.Blazor/css/software-dark-base.css"}]},{"Route":"_content/Radzen.Blazor/css/software-dark-base.css","AssetFile":"_content/Radzen.Blazor/css/software-dark-base.css","Selectors":[],"ResponseHeaders":[{"Name":"Accept-Ranges","Value":"bytes"},{"Name":"Cache-Control","Value":"no-cache"},{"Name":"Content-Length","Value":"657582"},{"Name":"Content-Type","Value":"text/css"},{"Name":"ETag","Value":"\"HILeP2gHYKKY2hgZn3ofT3dPyJo+jOiVnr2B9QJNtGE=\""},{"Name":"Last-Modified","Value":"Thu, 10 Jul 2025 12:31:11 GMT"}],"EndpointProperties":[{"Name":"integrity","Value":"sha256-HILeP2gHYKKY2hgZn3ofT3dPyJo+jOiVnr2B9QJNtGE="}]},{"Route":"_content/Radzen.Blazor/css/software-dark-wcag.c3ehngmwzo.css","AssetFile":"_content/Radzen.Blazor/css/software-dark-wcag.css","Selectors":[],"ResponseHeaders":[{"Name":"Accept-Ranges","Value":"bytes"},{"Name":"Cache-Control","Value":"max-age=31536000, immutable"},{"Name":"Content-Length","Value":"2837"},{"Name":"Content-Type","Value":"text/css"},{"Name":"ETag","Value":"\"mHh6OGo9cpMZlZptx+gUmbVAY28oSpRtDR7lsb98WKk=\""},{"Name":"Last-Modified","Value":"Thu, 10 Jul 2025 12:31:11 GMT"}],"EndpointProperties":[{"Name":"fingerprint","Value":"c3ehngmwzo"},{"Name":"integrity","Value":"sha256-mHh6OGo9cpMZlZptx+gUmbVAY28oSpRtDR7lsb98WKk="},{"Name":"label","Value":"_content/Radzen.Blazor/css/software-dark-wcag.css"}]},{"Route":"_content/Radzen.Blazor/css/software-dark-wcag.css","AssetFile":"_content/Radzen.Blazor/css/software-dark-wcag.css","Selectors":[],"ResponseHeaders":[{"Name":"Accept-Ranges","Value":"bytes"},{"Name":"Cache-Control","Value":"no-cache"},{"Name":"Content-Length","Value":"2837"},{"Name":"Content-Type","Value":"text/css"},{"Name":"ETag","Value":"\"mHh6OGo9cpMZlZptx+gUmbVAY28oSpRtDR7lsb98WKk=\""},{"Name":"Last-Modified","Value":"Thu, 10 Jul 2025 12:31:11 GMT"}],"EndpointProperties":[{"Name":"integrity","Value":"sha256-mHh6OGo9cpMZlZptx+gUmbVAY28oSpRtDR7lsb98WKk="}]},{"Route":"_content/Radzen.Blazor/css/software-dark.3y1u8ww997.css","AssetFile":"_content/Radzen.Blazor/css/software-dark.css","Selectors":[],"ResponseHeaders":[{"Name":"Accept-Ranges","Value":"bytes"},{"Name":"Cache-Control","Value":"max-age=31536000, immutable"},{"Name":"Content-Length","Value":"660423"},{"Name":"Content-Type","Value":"text/css"},{"Name":"ETag","Value":"\"Wy1uxKHv+7tqupikvCZkCh5NTWTBw3Za4bDEt6OcKyI=\""},{"Name":"Last-Modified","Value":"Thu, 10 Jul 2025 12:31:11 GMT"}],"EndpointProperties":[{"Name":"fingerprint","Value":"3y1u8ww997"},{"Name":"integrity","Value":"sha256-Wy1uxKHv+7tqupikvCZkCh5NTWTBw3Za4bDEt6OcKyI="},{"Name":"label","Value":"_content/Radzen.Blazor/css/software-dark.css"}]},{"Route":"_content/Radzen.Blazor/css/software-dark.css","AssetFile":"_content/Radzen.Blazor/css/software-dark.css","Selectors":[],"ResponseHeaders":[{"Name":"Accept-Ranges","Value":"bytes"},{"Name":"Cache-Control","Value":"no-cache"},{"Name":"Content-Length","Value":"660423"},{"Name":"Content-Type","Value":"text/css"},{"Name":"ETag","Value":"\"Wy1uxKHv+7tqupikvCZkCh5NTWTBw3Za4bDEt6OcKyI=\""},{"Name":"Last-Modified","Value":"Thu, 10 Jul 2025 12:31:11 GMT"}],"EndpointProperties":[{"Name":"integrity","Value":"sha256-Wy1uxKHv+7tqupikvCZkCh5NTWTBw3Za4bDEt6OcKyI="}]},{"Route":"_content/Radzen.Blazor/css/software-wcag.9fpk6led9e.css","AssetFile":"_content/Radzen.Blazor/css/software-wcag.css","Selectors":[],"ResponseHeaders":[{"Name":"Accept-Ranges","Value":"bytes"},{"Name":"Cache-Control","Value":"max-age=31536000, immutable"},{"Name":"Content-Length","Value":"2650"},{"Name":"Content-Type","Value":"text/css"},{"Name":"ETag","Value":"\"tRcVAq9DGc0nyvTuxUpiBTY8PaxnC6deHLSE8Ri1PMg=\""},{"Name":"Last-Modified","Value":"Thu, 10 Jul 2025 12:31:11 GMT"}],"EndpointProperties":[{"Name":"fingerprint","Value":"9fpk6led9e"},{"Name":"integrity","Value":"sha256-tRcVAq9DGc0nyvTuxUpiBTY8PaxnC6deHLSE8Ri1PMg="},{"Name":"label","Value":"_content/Radzen.Blazor/css/software-wcag.css"}]},{"Route":"_content/Radzen.Blazor/css/software-wcag.css","AssetFile":"_content/Radzen.Blazor/css/software-wcag.css","Selectors":[],"ResponseHeaders":[{"Name":"Accept-Ranges","Value":"bytes"},{"Name":"Cache-Control","Value":"no-cache"},{"Name":"Content-Length","Value":"2650"},{"Name":"Content-Type","Value":"text/css"},{"Name":"ETag","Value":"\"tRcVAq9DGc0nyvTuxUpiBTY8PaxnC6deHLSE8Ri1PMg=\""},{"Name":"Last-Modified","Value":"Thu, 10 Jul 2025 12:31:11 GMT"}],"EndpointProperties":[{"Name":"integrity","Value":"sha256-tRcVAq9DGc0nyvTuxUpiBTY8PaxnC6deHLSE8Ri1PMg="}]},{"Route":"_content/Radzen.Blazor/css/software.2fr2pnm8ek.css","AssetFile":"_content/Radzen.Blazor/css/software.css","Selectors":[],"ResponseHeaders":[{"Name":"Accept-Ranges","Value":"bytes"},{"Name":"Cache-Control","Value":"max-age=31536000, immutable"},{"Name":"Content-Length","Value":"660102"},{"Name":"Content-Type","Value":"text/css"},{"Name":"ETag","Value":"\"TswCyHWaVdwx7uC0O9uXb0pznbKDMOAKLLE4zr3+Azw=\""},{"Name":"Last-Modified","Value":"Thu, 10 Jul 2025 12:31:12 GMT"}],"EndpointProperties":[{"Name":"fingerprint","Value":"2fr2pnm8ek"},{"Name":"integrity","Value":"sha256-TswCyHWaVdwx7uC0O9uXb0pznbKDMOAKLLE4zr3+Azw="},{"Name":"label","Value":"_content/Radzen.Blazor/css/software.css"}]},{"Route":"_content/Radzen.Blazor/css/software.css","AssetFile":"_content/Radzen.Blazor/css/software.css","Selectors":[],"ResponseHeaders":[{"Name":"Accept-Ranges","Value":"bytes"},{"Name":"Cache-Control","Value":"no-cache"},{"Name":"Content-Length","Value":"660102"},{"Name":"Content-Type","Value":"text/css"},{"Name":"ETag","Value":"\"TswCyHWaVdwx7uC0O9uXb0pznbKDMOAKLLE4zr3+Azw=\""},{"Name":"Last-Modified","Value":"Thu, 10 Jul 2025 12:31:12 GMT"}],"EndpointProperties":[{"Name":"integrity","Value":"sha256-TswCyHWaVdwx7uC0O9uXb0pznbKDMOAKLLE4zr3+Azw="}]},{"Route":"_content/Radzen.Blazor/css/standard-base.css","AssetFile":"_content/Radzen.Blazor/css/standard-base.css","Selectors":[],"ResponseHeaders":[{"Name":"Accept-Ranges","Value":"bytes"},{"Name":"Cache-Control","Value":"no-cache"},{"Name":"Content-Length","Value":"663692"},{"Name":"Content-Type","Value":"text/css"},{"Name":"ETag","Value":"\"7tlQxYAxVxT5SZZ6wRc6Stc3gwD1qcKBOEdJwjn3r5U=\""},{"Name":"Last-Modified","Value":"Thu, 10 Jul 2025 12:31:12 GMT"}],"EndpointProperties":[{"Name":"integrity","Value":"sha256-7tlQxYAxVxT5SZZ6wRc6Stc3gwD1qcKBOEdJwjn3r5U="}]},{"Route":"_content/Radzen.Blazor/css/standard-base.qinohaktdu.css","AssetFile":"_content/Radzen.Blazor/css/standard-base.css","Selectors":[],"ResponseHeaders":[{"Name":"Accept-Ranges","Value":"bytes"},{"Name":"Cache-Control","Value":"max-age=31536000, immutable"},{"Name":"Content-Length","Value":"663692"},{"Name":"Content-Type","Value":"text/css"},{"Name":"ETag","Value":"\"7tlQxYAxVxT5SZZ6wRc6Stc3gwD1qcKBOEdJwjn3r5U=\""},{"Name":"Last-Modified","Value":"Thu, 10 Jul 2025 12:31:12 GMT"}],"EndpointProperties":[{"Name":"fingerprint","Value":"qinohaktdu"},{"Name":"integrity","Value":"sha256-7tlQxYAxVxT5SZZ6wRc6Stc3gwD1qcKBOEdJwjn3r5U="},{"Name":"label","Value":"_content/Radzen.Blazor/css/standard-base.css"}]},{"Route":"_content/Radzen.Blazor/css/standard-dark-base.css","AssetFile":"_content/Radzen.Blazor/css/standard-dark-base.css","Selectors":[],"ResponseHeaders":[{"Name":"Accept-Ranges","Value":"bytes"},{"Name":"Cache-Control","Value":"no-cache"},{"Name":"Content-Length","Value":"663323"},{"Name":"Content-Type","Value":"text/css"},{"Name":"ETag","Value":"\"bZp9fHCZtcbPKiiiHSzT70Edoq32krvBbipmuFAldPo=\""},{"Name":"Last-Modified","Value":"Thu, 10 Jul 2025 12:31:13 GMT"}],"EndpointProperties":[{"Name":"integrity","Value":"sha256-bZp9fHCZtcbPKiiiHSzT70Edoq32krvBbipmuFAldPo="}]},{"Route":"_content/Radzen.Blazor/css/standard-dark-base.ftrjuloyit.css","AssetFile":"_content/Radzen.Blazor/css/standard-dark-base.css","Selectors":[],"ResponseHeaders":[{"Name":"Accept-Ranges","Value":"bytes"},{"Name":"Cache-Control","Value":"max-age=31536000, immutable"},{"Name":"Content-Length","Value":"663323"},{"Name":"Content-Type","Value":"text/css"},{"Name":"ETag","Value":"\"bZp9fHCZtcbPKiiiHSzT70Edoq32krvBbipmuFAldPo=\""},{"Name":"Last-Modified","Value":"Thu, 10 Jul 2025 12:31:13 GMT"}],"EndpointProperties":[{"Name":"fingerprint","Value":"ftrjuloyit"},{"Name":"integrity","Value":"sha256-bZp9fHCZtcbPKiiiHSzT70Edoq32krvBbipmuFAldPo="},{"Name":"label","Value":"_content/Radzen.Blazor/css/standard-dark-base.css"}]},{"Route":"_content/Radzen.Blazor/css/standard-dark-wcag.7bt2cgjiuc.css","AssetFile":"_content/Radzen.Blazor/css/standard-dark-wcag.css","Selectors":[],"ResponseHeaders":[{"Name":"Accept-Ranges","Value":"bytes"},{"Name":"Cache-Control","Value":"max-age=31536000, immutable"},{"Name":"Content-Length","Value":"2596"},{"Name":"Content-Type","Value":"text/css"},{"Name":"ETag","Value":"\"HYNTnwNf3xj899KPdiKwmD1e5t3XRg9VaQgB1ZOvKeI=\""},{"Name":"Last-Modified","Value":"Thu, 10 Jul 2025 12:31:13 GMT"}],"EndpointProperties":[{"Name":"fingerprint","Value":"7bt2cgjiuc"},{"Name":"integrity","Value":"sha256-HYNTnwNf3xj899KPdiKwmD1e5t3XRg9VaQgB1ZOvKeI="},{"Name":"label","Value":"_content/Radzen.Blazor/css/standard-dark-wcag.css"}]},{"Route":"_content/Radzen.Blazor/css/standard-dark-wcag.css","AssetFile":"_content/Radzen.Blazor/css/standard-dark-wcag.css","Selectors":[],"ResponseHeaders":[{"Name":"Accept-Ranges","Value":"bytes"},{"Name":"Cache-Control","Value":"no-cache"},{"Name":"Content-Length","Value":"2596"},{"Name":"Content-Type","Value":"text/css"},{"Name":"ETag","Value":"\"HYNTnwNf3xj899KPdiKwmD1e5t3XRg9VaQgB1ZOvKeI=\""},{"Name":"Last-Modified","Value":"Thu, 10 Jul 2025 12:31:13 GMT"}],"EndpointProperties":[{"Name":"integrity","Value":"sha256-HYNTnwNf3xj899KPdiKwmD1e5t3XRg9VaQgB1ZOvKeI="}]},{"Route":"_content/Radzen.Blazor/css/standard-dark.css","AssetFile":"_content/Radzen.Blazor/css/standard-dark.css","Selectors":[],"ResponseHeaders":[{"Name":"Accept-Ranges","Value":"bytes"},{"Name":"Cache-Control","Value":"no-cache"},{"Name":"Content-Length","Value":"666164"},{"Name":"Content-Type","Value":"text/css"},{"Name":"ETag","Value":"\"ExByOCIBi8jlV5ejgumLqiqRX8DyYBzp9ujstL3IDy8=\""},{"Name":"Last-Modified","Value":"Thu, 10 Jul 2025 12:31:14 GMT"}],"EndpointProperties":[{"Name":"integrity","Value":"sha256-ExByOCIBi8jlV5ejgumLqiqRX8DyYBzp9ujstL3IDy8="}]},{"Route":"_content/Radzen.Blazor/css/standard-dark.xjux7swmx3.css","AssetFile":"_content/Radzen.Blazor/css/standard-dark.css","Selectors":[],"ResponseHeaders":[{"Name":"Accept-Ranges","Value":"bytes"},{"Name":"Cache-Control","Value":"max-age=31536000, immutable"},{"Name":"Content-Length","Value":"666164"},{"Name":"Content-Type","Value":"text/css"},{"Name":"ETag","Value":"\"ExByOCIBi8jlV5ejgumLqiqRX8DyYBzp9ujstL3IDy8=\""},{"Name":"Last-Modified","Value":"Thu, 10 Jul 2025 12:31:14 GMT"}],"EndpointProperties":[{"Name":"fingerprint","Value":"xjux7swmx3"},{"Name":"integrity","Value":"sha256-ExByOCIBi8jlV5ejgumLqiqRX8DyYBzp9ujstL3IDy8="},{"Name":"label","Value":"_content/Radzen.Blazor/css/standard-dark.css"}]},{"Route":"_content/Radzen.Blazor/css/standard-wcag.css","AssetFile":"_content/Radzen.Blazor/css/standard-wcag.css","Selectors":[],"ResponseHeaders":[{"Name":"Accept-Ranges","Value":"bytes"},{"Name":"Cache-Control","Value":"no-cache"},{"Name":"Content-Length","Value":"2591"},{"Name":"Content-Type","Value":"text/css"},{"Name":"ETag","Value":"\"GFU2mt0A9T8j9YMwMQqIUmdziKNDuPppDCn2o37LV2E=\""},{"Name":"Last-Modified","Value":"Thu, 10 Jul 2025 12:31:14 GMT"}],"EndpointProperties":[{"Name":"integrity","Value":"sha256-GFU2mt0A9T8j9YMwMQqIUmdziKNDuPppDCn2o37LV2E="}]},{"Route":"_content/Radzen.Blazor/css/standard-wcag.kp0ueqs315.css","AssetFile":"_content/Radzen.Blazor/css/standard-wcag.css","Selectors":[],"ResponseHeaders":[{"Name":"Accept-Ranges","Value":"bytes"},{"Name":"Cache-Control","Value":"max-age=31536000, immutable"},{"Name":"Content-Length","Value":"2591"},{"Name":"Content-Type","Value":"text/css"},{"Name":"ETag","Value":"\"GFU2mt0A9T8j9YMwMQqIUmdziKNDuPppDCn2o37LV2E=\""},{"Name":"Last-Modified","Value":"Thu, 10 Jul 2025 12:31:14 GMT"}],"EndpointProperties":[{"Name":"fingerprint","Value":"kp0ueqs315"},{"Name":"integrity","Value":"sha256-GFU2mt0A9T8j9YMwMQqIUmdziKNDuPppDCn2o37LV2E="},{"Name":"label","Value":"_content/Radzen.Blazor/css/standard-wcag.css"}]},{"Route":"_content/Radzen.Blazor/css/standard.c8buclcdp1.css","AssetFile":"_content/Radzen.Blazor/css/standard.css","Selectors":[],"ResponseHeaders":[{"Name":"Accept-Ranges","Value":"bytes"},{"Name":"Cache-Control","Value":"max-age=31536000, immutable"},{"Name":"Content-Length","Value":"666533"},{"Name":"Content-Type","Value":"text/css"},{"Name":"ETag","Value":"\"XJSjZ7g0fZwzFkaDztnyeocqJUgpvxGSzTYvVE4q8KY=\""},{"Name":"Last-Modified","Value":"Thu, 10 Jul 2025 12:31:14 GMT"}],"EndpointProperties":[{"Name":"fingerprint","Value":"c8buclcdp1"},{"Name":"integrity","Value":"sha256-XJSjZ7g0fZwzFkaDztnyeocqJUgpvxGSzTYvVE4q8KY="},{"Name":"label","Value":"_content/Radzen.Blazor/css/standard.css"}]},{"Route":"_content/Radzen.Blazor/css/standard.css","AssetFile":"_content/Radzen.Blazor/css/standard.css","Selectors":[],"ResponseHeaders":[{"Name":"Accept-Ranges","Value":"bytes"},{"Name":"Cache-Control","Value":"no-cache"},{"Name":"Content-Length","Value":"666533"},{"Name":"Content-Type","Value":"text/css"},{"Name":"ETag","Value":"\"XJSjZ7g0fZwzFkaDztnyeocqJUgpvxGSzTYvVE4q8KY=\""},{"Name":"Last-Modified","Value":"Thu, 10 Jul 2025 12:31:14 GMT"}],"EndpointProperties":[{"Name":"integrity","Value":"sha256-XJSjZ7g0fZwzFkaDztnyeocqJUgpvxGSzTYvVE4q8KY="}]},{"Route":"_content/Radzen.Blazor/fonts/MaterialSymbolsOutlined.tf0jku5d4p.woff2","AssetFile":"_content/Radzen.Blazor/fonts/MaterialSymbolsOutlined.woff2","Selectors":[],"ResponseHeaders":[{"Name":"Accept-Ranges","Value":"bytes"},{"Name":"Cache-Control","Value":"max-age=31536000, immutable"},{"Name":"Content-Length","Value":"973704"},{"Name":"Content-Type","Value":"font/woff2"},{"Name":"ETag","Value":"\"+eSpwuS0Mx0DVjyuFo3DoQXiI+Mp+4I1MtdWSbDcZK4=\""},{"Name":"Last-Modified","Value":"Thu, 06 Mar 2025 12:06:35 GMT"}],"EndpointProperties":[{"Name":"fingerprint","Value":"tf0jku5d4p"},{"Name":"integrity","Value":"sha256-+eSpwuS0Mx0DVjyuFo3DoQXiI+Mp+4I1MtdWSbDcZK4="},{"Name":"label","Value":"_content/Radzen.Blazor/fonts/MaterialSymbolsOutlined.woff2"}]},{"Route":"_content/Radzen.Blazor/fonts/MaterialSymbolsOutlined.woff2","AssetFile":"_content/Radzen.Blazor/fonts/MaterialSymbolsOutlined.woff2","Selectors":[],"ResponseHeaders":[{"Name":"Accept-Ranges","Value":"bytes"},{"Name":"Cache-Control","Value":"max-age=3600, must-revalidate"},{"Name":"Content-Length","Value":"973704"},{"Name":"Content-Type","Value":"font/woff2"},{"Name":"ETag","Value":"\"+eSpwuS0Mx0DVjyuFo3DoQXiI+Mp+4I1MtdWSbDcZK4=\""},{"Name":"Last-Modified","Value":"Thu, 06 Mar 2025 12:06:35 GMT"}],"EndpointProperties":[{"Name":"integrity","Value":"sha256-+eSpwuS0Mx0DVjyuFo3DoQXiI+Mp+4I1MtdWSbDcZK4="}]},{"Route":"_content/Radzen.Blazor/fonts/RobotoFlex.tdgcpklreb.woff2","AssetFile":"_content/Radzen.Blazor/fonts/RobotoFlex.woff2","Selectors":[],"ResponseHeaders":[{"Name":"Accept-Ranges","Value":"bytes"},{"Name":"Cache-Control","Value":"max-age=31536000, immutable"},{"Name":"Content-Length","Value":"747316"},{"Name":"Content-Type","Value":"font/woff2"},{"Name":"ETag","Value":"\"D4n6QkbzuJDYChkHTPMXLxJlSC/5uucOpe2kU+JCJRs=\""},{"Name":"Last-Modified","Value":"Thu, 01 Aug 2024 15:22:59 GMT"}],"EndpointProperties":[{"Name":"fingerprint","Value":"tdgcpklreb"},{"Name":"integrity","Value":"sha256-D4n6QkbzuJDYChkHTPMXLxJlSC/5uucOpe2kU+JCJRs="},{"Name":"label","Value":"_content/Radzen.Blazor/fonts/RobotoFlex.woff2"}]},{"Route":"_content/Radzen.Blazor/fonts/RobotoFlex.woff2","AssetFile":"_content/Radzen.Blazor/fonts/RobotoFlex.woff2","Selectors":[],"ResponseHeaders":[{"Name":"Accept-Ranges","Value":"bytes"},{"Name":"Cache-Control","Value":"max-age=3600, must-revalidate"},{"Name":"Content-Length","Value":"747316"},{"Name":"Content-Type","Value":"font/woff2"},{"Name":"ETag","Value":"\"D4n6QkbzuJDYChkHTPMXLxJlSC/5uucOpe2kU+JCJRs=\""},{"Name":"Last-Modified","Value":"Thu, 01 Aug 2024 15:22:59 GMT"}],"EndpointProperties":[{"Name":"integrity","Value":"sha256-D4n6QkbzuJDYChkHTPMXLxJlSC/5uucOpe2kU+JCJRs="}]},{"Route":"_content/Radzen.Blazor/fonts/SourceSans3VF-Italic.ttf.sw3iuqo2hf.woff2","AssetFile":"_content/Radzen.Blazor/fonts/SourceSans3VF-Italic.ttf.woff2","Selectors":[],"ResponseHeaders":[{"Name":"Accept-Ranges","Value":"bytes"},{"Name":"Cache-Control","Value":"max-age=31536000, immutable"},{"Name":"Content-Length","Value":"137996"},{"Name":"Content-Type","Value":"font/woff2"},{"Name":"ETag","Value":"\"tJWavAVpOS+HxsasYS+Q4/4BBNKDckGJt9i29hrzR9M=\""},{"Name":"Last-Modified","Value":"Thu, 01 Aug 2024 15:22:59 GMT"}],"EndpointProperties":[{"Name":"fingerprint","Value":"sw3iuqo2hf"},{"Name":"integrity","Value":"sha256-tJWavAVpOS+HxsasYS+Q4/4BBNKDckGJt9i29hrzR9M="},{"Name":"label","Value":"_content/Radzen.Blazor/fonts/SourceSans3VF-Italic.ttf.woff2"}]},{"Route":"_content/Radzen.Blazor/fonts/SourceSans3VF-Italic.ttf.woff2","AssetFile":"_content/Radzen.Blazor/fonts/SourceSans3VF-Italic.ttf.woff2","Selectors":[],"ResponseHeaders":[{"Name":"Accept-Ranges","Value":"bytes"},{"Name":"Cache-Control","Value":"max-age=3600, must-revalidate"},{"Name":"Content-Length","Value":"137996"},{"Name":"Content-Type","Value":"font/woff2"},{"Name":"ETag","Value":"\"tJWavAVpOS+HxsasYS+Q4/4BBNKDckGJt9i29hrzR9M=\""},{"Name":"Last-Modified","Value":"Thu, 01 Aug 2024 15:22:59 GMT"}],"EndpointProperties":[{"Name":"integrity","Value":"sha256-tJWavAVpOS+HxsasYS+Q4/4BBNKDckGJt9i29hrzR9M="}]},{"Route":"_content/Radzen.Blazor/fonts/SourceSans3VF-Upright.ttf.nqmp3d2aoy.woff2","AssetFile":"_content/Radzen.Blazor/fonts/SourceSans3VF-Upright.ttf.woff2","Selectors":[],"ResponseHeaders":[{"Name":"Accept-Ranges","Value":"bytes"},{"Name":"Cache-Control","Value":"max-age=31536000, immutable"},{"Name":"Content-Length","Value":"170188"},{"Name":"Content-Type","Value":"font/woff2"},{"Name":"ETag","Value":"\"XxZWb3pA05szmtJr4VH6Whqx8MJXTHouYZdlWEoay9g=\""},{"Name":"Last-Modified","Value":"Thu, 01 Aug 2024 15:22:59 GMT"}],"EndpointProperties":[{"Name":"fingerprint","Value":"nqmp3d2aoy"},{"Name":"integrity","Value":"sha256-XxZWb3pA05szmtJr4VH6Whqx8MJXTHouYZdlWEoay9g="},{"Name":"label","Value":"_content/Radzen.Blazor/fonts/SourceSans3VF-Upright.ttf.woff2"}]},{"Route":"_content/Radzen.Blazor/fonts/SourceSans3VF-Upright.ttf.woff2","AssetFile":"_content/Radzen.Blazor/fonts/SourceSans3VF-Upright.ttf.woff2","Selectors":[],"ResponseHeaders":[{"Name":"Accept-Ranges","Value":"bytes"},{"Name":"Cache-Control","Value":"max-age=3600, must-revalidate"},{"Name":"Content-Length","Value":"170188"},{"Name":"Content-Type","Value":"font/woff2"},{"Name":"ETag","Value":"\"XxZWb3pA05szmtJr4VH6Whqx8MJXTHouYZdlWEoay9g=\""},{"Name":"Last-Modified","Value":"Thu, 01 Aug 2024 15:22:59 GMT"}],"EndpointProperties":[{"Name":"integrity","Value":"sha256-XxZWb3pA05szmtJr4VH6Whqx8MJXTHouYZdlWEoay9g="}]},{"Route":"app.css","AssetFile":"app.css","Selectors":[],"ResponseHeaders":[{"Name":"Accept-Ranges","Value":"bytes"},{"Name":"Cache-Control","Value":"no-cache"},{"Name":"Content-Length","Value":"2125"},{"Name":"Content-Type","Value":"text/css"},{"Name":"ETag","Value":"\"hDMiMML3RkLNSDdzRDDCbl5BSgoDV5T2+m4JVhdgmug=\""},{"Name":"Last-Modified","Value":"Thu, 17 Jul 2025 17:04:37 GMT"}],"EndpointProperties":[{"Name":"integrity","Value":"sha256-hDMiMML3RkLNSDdzRDDCbl5BSgoDV5T2+m4JVhdgmug="}]},{"Route":"app.sw2b1e5w8n.css","AssetFile":"app.css","Selectors":[],"ResponseHeaders":[{"Name":"Accept-Ranges","Value":"bytes"},{"Name":"Cache-Control","Value":"max-age=31536000, immutable"},{"Name":"Content-Length","Value":"2125"},{"Name":"Content-Type","Value":"text/css"},{"Name":"ETag","Value":"\"hDMiMML3RkLNSDdzRDDCbl5BSgoDV5T2+m4JVhdgmug=\""},{"Name":"Last-Modified","Value":"Thu, 17 Jul 2025 17:04:37 GMT"}],"EndpointProperties":[{"Name":"fingerprint","Value":"sw2b1e5w8n"},{"Name":"integrity","Value":"sha256-hDMiMML3RkLNSDdzRDDCbl5BSgoDV5T2+m4JVhdgmug="},{"Name":"label","Value":"app.css"}]},{"Route":"site.css","AssetFile":"site.css","Selectors":[],"ResponseHeaders":[{"Name":"Accept-Ranges","Value":"bytes"},{"Name":"Cache-Control","Value":"no-cache"},{"Name":"Content-Length","Value":"544"},{"Name":"Content-Type","Value":"text/css"},{"Name":"ETag","Value":"\"XKEQ68NiGq+UmGOo61AJp9KO67esuaYAdE8TYq/6BuQ=\""},{"Name":"Last-Modified","Value":"Fri, 18 Jul 2025 19:12:17 GMT"}],"EndpointProperties":[{"Name":"integrity","Value":"sha256-XKEQ68NiGq+UmGOo61AJp9KO67esuaYAdE8TYq/6BuQ="}]},{"Route":"site.sepsvckm22.css","AssetFile":"site.css","Selectors":[],"ResponseHeaders":[{"Name":"Accept-Ranges","Value":"bytes"},{"Name":"Cache-Control","Value":"max-age=31536000, immutable"},{"Name":"Content-Length","Value":"544"},{"Name":"Content-Type","Value":"text/css"},{"Name":"ETag","Value":"\"XKEQ68NiGq+UmGOo61AJp9KO67esuaYAdE8TYq/6BuQ=\""},{"Name":"Last-Modified","Value":"Fri, 18 Jul 2025 19:12:17 GMT"}],"EndpointProperties":[{"Name":"fingerprint","Value":"sepsvckm22"},{"Name":"integrity","Value":"sha256-XKEQ68NiGq+UmGOo61AJp9KO67esuaYAdE8TYq/6BuQ="},{"Name":"label","Value":"site.css"}]}]}